ID,post_author,post_date,post_date_gmt,post_content,post_title,post_excerpt,post_status,comment_status,ping_status,post_password,post_name,to_ping,pinged,post_modified,post_modified_gmt,post_content_filtered,post_parent,guid,menu_order,post_type,post_mime_type,comment_count,filter
258,1,"2023-11-01 08:01:51","2023-11-01 08:01:51","<!-- wp:shortcode -->
[person career='actor']
<!-- /wp:shortcode -->",Short-Code,,publish,closed,closed,,short-code,,,"2023-11-03 06:48:56","2023-11-03 06:48:56",,0,http://localhost:10018/?post_type=rt-person&#038;p=258,0,rt-person,,0,raw
5,1,"2023-06-14 13:37:08","2023-06-14 13:37:08","<!-- wp:paragraph -->
<p>dolor sit amet, consectetur adipiscing elit. Aliquam vel aliquet mauris. Duis nibh ex, auctor nec erat sit amet, ultricies tempor orci. Vestibulum mattis magna non erat iaculis, et venenatis lorem commodo. Nulla eu ornare magna. Duis ultricies ipsum a dui accumsan, et blandit neque malesuada. Nulla efficitur ligula et tellus placerat lobortis. Fusce venenatis posuere leo vel volutpat.</p>
<!-- /wp:paragraph -->

<!-- wp:paragraph -->
<p>Nunc ultrices lacus eget nisi porttitor, faucibus maximus dolor imperdiet. Morbi in nunc pellentesque erat cursus egestas. Duis nec dignissim augue, vel tristique purus. Integer viverra finibus tellus eu ultricies. Sed iaculis, velit ut ultrices pretium, velit eros volutpat tortor, non tincidunt nulla neque quis sapien. Nunc ac aliquet urna. In at quam id tortor viverra malesuada. Aenean dapibus ultrices nisl, et viverra nulla porta quis. Quisque accumsan elit id est fringilla, a aliquam quam tincidunt. Proin facilisis mollis arcu vel pulvinar. Nunc mollis magna enim, at aliquet tortor pulvinar vehicula.</p>
<!-- /wp:paragraph -->

<!-- wp:paragraph -->
<p>Aenean ut ante ullamcorper, aliquet nunc sed, viverra justo. Pellentesque habitant morbi tristique senectus et netus et malesuada fames ac turpis egestas. Quisque egestas rhoncus vehicula. Duis sed lectus urna. Suspendisse potenti. Duis ante augue, luctus quis lacinia id, lacinia sed felis. Maecenas dictum tincidunt nisl, id cursus diam dignissim eget. Maecenas nibh diam, vestibulum id maximus vulputate, tincidunt vel metus. Praesent placerat non dolor quis ultrices. Interdum et malesuada fames ac ante ipsum primis in faucibus. Cras id euismod ante, eu ultricies orci. Quisque id nibh blandit lorem egestas luctus. Etiam lacinia nulla leo, in malesuada felis condimentum non. Donec vel tellus ligula. Duis eu mauris laoreet urna varius sollicitudin. Suspendisse nec varius turpis.</p>
<!-- /wp:paragraph -->

<!-- wp:paragraph -->
<p>Duis feugiat libero at lobortis luctus. Pellentesque auctor nunc ac mauris viverra, vel facilisis dui luctus. Vivamus ut neque dolor. Sed turpis mauris, maximus quis venenatis vel, volutpat nec sapien. In sit amet vestibulum magna, eu cursus dolor. Phasellus at diam et tellus aliquet egestas. Nam non laoreet nisi. Integer euismod sed quam ornare rhoncus. Suspendisse ultrices porttitor metus nec feugiat. Aliquam nec mauris malesuada, consectetur nunc sit amet, malesuada nulla. Nulla ut eros id quam pellentesque laoreet. Vivamus luctus id nisi vitae tempor. Nulla ultrices sem eu hendrerit placerat. In et risus et elit vehicula cursus&nbsp;</p>
<!-- /wp:paragraph -->","Robert Downey Jr.","Robert Downey Jr. has evolved into one of the most respected actors in Hollywood. With an amazing...",publish,closed,closed,,robert-downey-jr,,,"2023-11-03 10:51:23","2023-11-03 10:51:23",,0,https://localhost:10018/?post_type=rt-person&#038;p=5,0,rt-person,,0,raw
72,1,"2023-06-14 13:54:20","2023-06-14 13:54:20","<!-- wp:paragraph -->
<p>Christopher Robert Evans&nbsp;(born June 13, 1981) is an American actor. He began his career with roles in television series such as&nbsp;<em><a href=""https://en.wikipedia.org/wiki/Opposite_Sex_(TV_series)"">Opposite Sex</a></em>&nbsp;in 2000. Following appearances in several teen films, including 2001's&nbsp;<em><a href=""https://en.wikipedia.org/wiki/Not_Another_Teen_Movie"">Not Another Teen Movie</a></em>, he gained attention for his portrayal of&nbsp;Marvel Comics&nbsp;character the&nbsp;<a href=""https://en.wikipedia.org/wiki/Human_Torch"">Human Torch</a>&nbsp;in&nbsp;<em><a href=""https://en.wikipedia.org/wiki/Fantastic_Four_(2005_film)"">Fantastic Four</a></em>&nbsp;(2005) and&nbsp;<em><a href=""https://en.wikipedia.org/wiki/Fantastic_Four:_Rise_of_the_Silver_Surfer"">Fantastic Four: Rise of the Silver Surfer</a></em>&nbsp;(2007). Evans made further appearances in film adaptations of&nbsp;<a href=""https://en.wikipedia.org/wiki/Comic_book"">comic books</a>&nbsp;and&nbsp;graphic novels:&nbsp;<em>TMNT</em>&nbsp;(2007),&nbsp;<em><a href=""https://en.wikipedia.org/wiki/Scott_Pilgrim_vs._the_World"">Scott Pilgrim vs. the World</a></em>&nbsp;(2010), and&nbsp;<em><a href=""https://en.wikipedia.org/wiki/Snowpiercer"">Snowpiercer</a></em>&nbsp;(2013).</p>
<!-- /wp:paragraph -->

<!-- wp:paragraph -->
<p>Evans gained wider recognition for portraying&nbsp;<a href=""https://en.wikipedia.org/wiki/Steve_Rogers_(Marvel_Cinematic_Universe)"">Steve Rogers / Captain America</a>&nbsp;in several&nbsp;Marvel Cinematic Universe&nbsp;films, from&nbsp;<em><a href=""https://en.wikipedia.org/wiki/Captain_America:_The_First_Avenger"">Captain America: The First Avenger</a></em>&nbsp;(2011) to&nbsp;<em><a href=""https://en.wikipedia.org/wiki/Avengers:_Endgame"">Avengers: Endgame</a></em>&nbsp;(2019). His work in the franchise established him as one of the world's highest-paid actors.&nbsp;</p>
<!-- /wp:paragraph -->

<!-- wp:paragraph -->
<p>Aside from comic book roles, Evans has starred in the drama&nbsp;<em><a href=""https://en.wikipedia.org/wiki/Gifted_(2017_film)"">Gifted</a></em>&nbsp;(2017), the mystery film&nbsp;<em><a href=""https://en.wikipedia.org/wiki/Knives_Out"">Knives Out</a></em>&nbsp;(2019), the television miniseries&nbsp;<em><a href=""https://en.wikipedia.org/wiki/Defending_Jacob_(miniseries)"">Defending Jacob</a></em>&nbsp;(2020). He made his directional debut in 2014 with the romantic drama Before We Go, which he also produced and starred in. Evans made his&nbsp;Broadway&nbsp;debut in the 2018 revival of&nbsp;Kenneth Lonergan's play&nbsp;<em>Lobby Hero</em>, which earned him a&nbsp;<a href=""https://en.wikipedia.org/wiki/Drama_League_Award"">Drama League Award</a>&nbsp;nomination.</p>
<!-- /wp:paragraph -->","Chris Evans","Christopher Robert Evans is an American actor. He began his career with roles in television series such...",publish,closed,closed,,chris-evans,,,"2023-06-15 05:51:20","2023-06-15 05:51:20",,0,https://localhost:10018/?post_type=rt-person&#038;p=72,1,rt-person,,0,raw
79,1,"2023-06-14 14:20:31","2023-06-14 14:20:31","<!-- wp:paragraph -->
<p>nsectetur adipiscing elit. Aliquam vel aliquet mauris. Duis nibh ex, auctor nec erat sit amet, ultricies tempor orci. Vestibulum mattis magna non erat iaculis, et venenatis lorem commodo. Nulla eu ornare magna. Duis ultricies ipsum a dui accumsan, et blandit neque malesuada. Nulla efficitur ligula et tellus placerat lobortis. Fusce venenatis posuere leo vel volutpat.</p>
<!-- /wp:paragraph -->

<!-- wp:paragraph -->
<p>Nunc ultrices lacus eget nisi porttitor, faucibus maximus dolor imperdiet. Morbi in nunc pellentesque erat cursus egestas. Duis nec dignissim augue, vel tristique purus. Integer viverra finibus tellus eu ultricies. Sed iaculis, velit ut ultrices pretium, velit eros volutpat tortor, non tincidunt nulla neque quis sapien. Nunc ac aliquet urna. In at quam id tortor viverra malesuada. Aenean dapibus ultrices nisl, et viverra nulla porta quis. Quisque accumsan elit id est fringilla, a aliquam quam tincidunt. Proin facilisis mollis arcu vel pulvinar. Nunc mollis magna enim, at aliquet tortor pulvinar vehicula.</p>
<!-- /wp:paragraph -->

<!-- wp:paragraph -->
<p>Aenean ut ante ullamcorper, aliquet nunc sed, viverra justo. Pellentesque habitant morbi tristique senectus et netus et malesuada fames ac turpis egestas. Quisque egestas rhoncus vehicula. Duis sed lectus urna. Suspendisse potenti. Duis ante augue, luctus quis lacinia id, lacinia sed felis. Maecenas dictum tincidunt nisl, id cursus diam dignissim eget. Maecenas nibh diam, vestibulum id maximus vulputate, tincidunt vel metus. Praesent placerat non dolor quis ultrices. Interdum et malesuada fames ac ante ipsum primis in faucibus. Cras id euismod ante, eu ultricies orci. Quisque id nibh blandit lorem egestas luctus. Etiam lacinia nulla leo, in malesuada felis condimentum non. Donec vel tellus ligula. Duis eu mauris laoreet urna varius sollicitudin. Suspendisse nec varius turpis.</p>
<!-- /wp:paragraph -->

<!-- wp:paragraph -->
<p>Duis feugiat libero at lobortis luctus. Pellentesque auctor nunc ac mauris viverra, vel facilisis dui luctus. Vivamus ut neque dolor. Sed turpis mauris, maximus quis venenatis vel, volutpat nec sapien. In sit amet vestibulum magna, eu cursus dolor. Phasellus at diam et tellus aliquet egestas. Nam non laoreet nisi. Integer euismod sed quam ornare rhoncus. Suspendisse ultrices porttitor metus nec feugiat. Aliquam nec mauris malesuada,&nbsp;</p>
<!-- /wp:paragraph -->","Mark Ruffalo","Mark Alan Ruffalo is an American actor and producer. He began acting in the early 1990s and first gained...",publish,closed,closed,,mark-ruffalo,,,"2023-11-03 08:31:31","2023-11-03 08:31:31",,0,https://localhost:10018/?post_type=rt-person&#038;p=79,2,rt-person,,0,raw
92,1,"2023-06-14 19:17:09","2023-06-14 19:17:09","<!-- wp:paragraph -->
<p>nsectetur adipiscing elit. Aliquam vel aliquet mauris. Duis nibh ex, auctor nec erat sit amet, ultricies tempor orci. Vestibulum mattis magna non erat iaculis, et venenatis lorem commodo. Nulla eu ornare magna. Duis ultricies ipsum a dui accumsan, et blandit neque malesuada. Nulla efficitur ligula et tellus placerat lobortis. Fusce venenatis posuere leo vel volutpat.</p>
<!-- /wp:paragraph -->

<!-- wp:paragraph -->
<p>Nunc ultrices lacus eget nisi porttitor, faucibus maximus dolor imperdiet. Morbi in nunc pellentesque erat cursus egestas. Duis nec dignissim augue, vel tristique purus. Integer viverra finibus tellus eu ultricies. Sed iaculis, velit ut ultrices pretium, velit eros volutpat tortor, non tincidunt nulla neque quis sapien. Nunc ac aliquet urna. In at quam id tortor viverra malesuada. Aenean dapibus ultrices nisl, et viverra nulla porta quis. Quisque accumsan elit id est fringilla, a aliquam quam tincidunt. Proin facilisis mollis arcu vel pulvinar. Nunc mollis magna enim, at aliquet tortor pulvinar vehicula.</p>
<!-- /wp:paragraph -->

<!-- wp:paragraph -->
<p>Aenean ut ante ullamcorper, aliquet nunc sed, viverra justo. Pellentesque habitant morbi tristique senectus et netus et malesuada fames ac turpis egestas. Quisque egestas rhoncus vehicula. Duis sed lectus urna. Suspendisse potenti. Duis ante augue, luctus quis lacinia id, lacinia sed felis. Maecenas dictum tincidunt nisl, id cursus diam dignissim eget. Maecenas nibh diam, vestibulum id maximus vulputate, tincidunt vel metus. Praesent placerat non dolor quis ultrices. Interdum et malesuada fames ac ante ipsum primis in faucibus. Cras id euismod ante, eu ultricies orci. Quisque id nibh blandit lorem egestas luctus. Etiam lacinia nulla leo, in malesuada felis condimentum non. Donec vel tellus ligula. Duis eu mauris laoreet urna varius sollicitudin. Suspendisse nec varius turpis.</p>
<!-- /wp:paragraph -->

<!-- wp:paragraph -->
<p>Duis feugiat libero at lobortis luctus. Pellentesque auctor nunc ac mauris viverra, vel facilisis dui luctus. Vivamus ut neque dolor. Sed turpis mauris, maximus quis venenatis vel, volutpat nec sapien. In sit amet vestibulum magna, eu cursus dolor. Phasellus at diam et tellus aliquet egestas. Nam non laoreet nisi. Integer euismod sed quam ornare rhoncus. Suspendisse ultrices porttitor metus nec feugiat. Aliquam nec mauris malesuada,&nbsp;</p>
<!-- /wp:paragraph -->","Chris Hemsworth","Christopher Hemsworth AM is an Australian actor. He rose to prominence playing Kim Hyde in the...",publish,closed,closed,,chris-hemsworth,,,"2023-06-14 21:52:08","2023-06-14 21:52:08",,0,https://localhost:10018/?post_type=rt-person&#038;p=92,3,rt-person,,0,raw
91,1,"2023-06-14 14:36:19","2023-06-14 14:36:19","<!-- wp:paragraph -->
<p>nsectetur adipiscing elit. Aliquam vel aliquet mauris. Duis nibh ex, auctor nec erat sit amet, ultricies tempor orci. Vestibulum mattis magna non erat iaculis, et venenatis lorem commodo. Nulla eu ornare magna. Duis ultricies ipsum a dui accumsan, et blandit neque malesuada. Nulla efficitur ligula et tellus placerat lobortis. Fusce venenatis posuere leo vel volutpat.</p>
<!-- /wp:paragraph -->

<!-- wp:paragraph -->
<p>Nunc ultrices lacus eget nisi porttitor, faucibus maximus dolor imperdiet. Morbi in nunc pellentesque erat cursus egestas. Duis nec dignissim augue, vel tristique purus. Integer viverra finibus tellus eu ultricies. Sed iaculis, velit ut ultrices pretium, velit eros volutpat tortor, non tincidunt nulla neque quis sapien. Nunc ac aliquet urna. In at quam id tortor viverra malesuada. Aenean dapibus ultrices nisl, et viverra nulla porta quis. Quisque accumsan elit id est fringilla, a aliquam quam tincidunt. Proin facilisis mollis arcu vel pulvinar. Nunc mollis magna enim, at aliquet tortor pulvinar vehicula.</p>
<!-- /wp:paragraph -->

<!-- wp:paragraph -->
<p>Aenean ut ante ullamcorper, aliquet nunc sed, viverra justo. Pellentesque habitant morbi tristique senectus et netus et malesuada fames ac turpis egestas. Quisque egestas rhoncus vehicula. Duis sed lectus urna. Suspendisse potenti. Duis ante augue, luctus quis lacinia id, lacinia sed felis. Maecenas dictum tincidunt nisl, id cursus diam dignissim eget. Maecenas nibh diam, vestibulum id maximus vulputate, tincidunt vel metus. Praesent placerat non dolor quis ultrices. Interdum et malesuada fames ac ante ipsum primis in faucibus. Cras id euismod ante, eu ultricies orci. Quisque id nibh blandit lorem egestas luctus. Etiam lacinia nulla leo, in malesuada felis condimentum non. Donec vel tellus ligula. Duis eu mauris laoreet urna varius sollicitudin. Suspendisse nec varius turpis.</p>
<!-- /wp:paragraph -->

<!-- wp:paragraph -->
<p>Duis feugiat libero at lobortis luctus. Pellentesque auctor nunc ac mauris viverra, vel facilisis dui luctus. Vivamus ut neque dolor. Sed turpis mauris, maximus quis venenatis vel, volutpat nec sapien. In sit amet vestibulum magna, eu cursus dolor. Phasellus at diam et tellus aliquet egestas. Nam non laoreet nisi. Integer euismod sed quam ornare rhoncus. Suspendisse ultrices porttitor metus nec feugiat. Aliquam nec mauris malesuada,&nbsp;</p>
<!-- /wp:paragraph -->","Jeremy Renner","Jeremy Lee Renner is an American actor and musician. He began his career by appearing in independent fi...",publish,closed,closed,,jeremy-renner,,,"2023-06-14 21:52:21","2023-06-14 21:52:21",,0,https://localhost:10018/?post_type=rt-person&#038;p=91,4,rt-person,,0,raw
89,1,"2023-06-14 14:35:27","2023-06-14 14:35:27","<!-- wp:paragraph -->
<p>nsectetur adipiscing elit. Aliquam vel aliquet mauris. Duis nibh ex, auctor nec erat sit amet, ultricies tempor orci. Vestibulum mattis magna non erat iaculis, et venenatis lorem commodo. Nulla eu ornare magna. Duis ultricies ipsum a dui accumsan, et blandit neque malesuada. Nulla efficitur ligula et tellus placerat lobortis. Fusce venenatis posuere leo vel volutpat.</p>
<!-- /wp:paragraph -->

<!-- wp:paragraph -->
<p>Nunc ultrices lacus eget nisi porttitor, faucibus maximus dolor imperdiet. Morbi in nunc pellentesque erat cursus egestas. Duis nec dignissim augue, vel tristique purus. Integer viverra finibus tellus eu ultricies. Sed iaculis, velit ut ultrices pretium, velit eros volutpat tortor, non tincidunt nulla neque quis sapien. Nunc ac aliquet urna. In at quam id tortor viverra malesuada. Aenean dapibus ultrices nisl, et viverra nulla porta quis. Quisque accumsan elit id est fringilla, a aliquam quam tincidunt. Proin facilisis mollis arcu vel pulvinar. Nunc mollis magna enim, at aliquet tortor pulvinar vehicula.</p>
<!-- /wp:paragraph -->

<!-- wp:paragraph -->
<p>Aenean ut ante ullamcorper, aliquet nunc sed, viverra justo. Pellentesque habitant morbi tristique senectus et netus et malesuada fames ac turpis egestas. Quisque egestas rhoncus vehicula. Duis sed lectus urna. Suspendisse potenti. Duis ante augue, luctus quis lacinia id, lacinia sed felis. Maecenas dictum tincidunt nisl, id cursus diam dignissim eget. Maecenas nibh diam, vestibulum id maximus vulputate, tincidunt vel metus. Praesent placerat non dolor quis ultrices. Interdum et malesuada fames ac ante ipsum primis in faucibus. Cras id euismod ante, eu ultricies orci. Quisque id nibh blandit lorem egestas luctus. Etiam lacinia nulla leo, in malesuada felis condimentum non. Donec vel tellus ligula. Duis eu mauris laoreet urna varius sollicitudin. Suspendisse nec varius turpis.</p>
<!-- /wp:paragraph -->

<!-- wp:paragraph -->
<p>Duis feugiat libero at lobortis luctus. Pellentesque auctor nunc ac mauris viverra, vel facilisis dui luctus. Vivamus ut neque dolor. Sed turpis mauris, maximus quis venenatis vel, volutpat nec sapien. In sit amet vestibulum magna, eu cursus dolor. Phasellus at diam et tellus aliquet egestas. Nam non laoreet nisi. Integer euismod sed quam ornare rhoncus. Suspendisse ultrices porttitor metus nec feugiat. Aliquam nec mauris malesuada,&nbsp;</p>
<!-- /wp:paragraph -->","Scarlett Johansson","Scarlett Ingrid Johansson is an American actress. The world's highest-paid actress in 2018 and 2019...",publish,closed,closed,,scarlett-johansson,,,"2023-06-14 21:52:41","2023-06-14 21:52:41",,0,https://localhost:10018/?post_type=rt-person&#038;p=89,5,rt-person,,0,raw
87,1,"2023-06-14 14:34:25","2023-06-14 14:34:25","<!-- wp:paragraph -->
<p>nsectetur adipiscing elit. Aliquam vel aliquet mauris. Duis nibh ex, auctor nec erat sit amet, ultricies tempor orci. Vestibulum mattis magna non erat iaculis, et venenatis lorem commodo. Nulla eu ornare magna. Duis ultricies ipsum a dui accumsan, et blandit neque malesuada. Nulla efficitur ligula et tellus placerat lobortis. Fusce venenatis posuere leo vel volutpat.</p>
<!-- /wp:paragraph -->

<!-- wp:paragraph -->
<p>Nunc ultrices lacus eget nisi porttitor, faucibus maximus dolor imperdiet. Morbi in nunc pellentesque erat cursus egestas. Duis nec dignissim augue, vel tristique purus. Integer viverra finibus tellus eu ultricies. Sed iaculis, velit ut ultrices pretium, velit eros volutpat tortor, non tincidunt nulla neque quis sapien. Nunc ac aliquet urna. In at quam id tortor viverra malesuada. Aenean dapibus ultrices nisl, et viverra nulla porta quis. Quisque accumsan elit id est fringilla, a aliquam quam tincidunt. Proin facilisis mollis arcu vel pulvinar. Nunc mollis magna enim, at aliquet tortor pulvinar vehicula.</p>
<!-- /wp:paragraph -->

<!-- wp:paragraph -->
<p>Aenean ut ante ullamcorper, aliquet nunc sed, viverra justo. Pellentesque habitant morbi tristique senectus et netus et malesuada fames ac turpis egestas. Quisque egestas rhoncus vehicula. Duis sed lectus urna. Suspendisse potenti. Duis ante augue, luctus quis lacinia id, lacinia sed felis. Maecenas dictum tincidunt nisl, id cursus diam dignissim eget. Maecenas nibh diam, vestibulum id maximus vulputate, tincidunt vel metus. Praesent placerat non dolor quis ultrices. Interdum et malesuada fames ac ante ipsum primis in faucibus. Cras id euismod ante, eu ultricies orci. Quisque id nibh blandit lorem egestas luctus. Etiam lacinia nulla leo, in malesuada felis condimentum non. Donec vel tellus ligula. Duis eu mauris laoreet urna varius sollicitudin. Suspendisse nec varius turpis.</p>
<!-- /wp:paragraph -->

<!-- wp:paragraph -->
<p>Duis feugiat libero at lobortis luctus. Pellentesque auctor nunc ac mauris viverra, vel facilisis dui luctus. Vivamus ut neque dolor. Sed turpis mauris, maximus quis venenatis vel, volutpat nec sapien. In sit amet vestibulum magna, eu cursus dolor. Phasellus at diam et tellus aliquet egestas. Nam non laoreet nisi. Integer euismod sed quam ornare rhoncus. Suspendisse ultrices porttitor metus nec feugiat. Aliquam nec mauris malesuada,&nbsp;</p>
<!-- /wp:paragraph -->","Elizabeth Olsen","Scarlett Ingrid Johansson is an American actress. The world's highest-paid actress in 2018 and 2019...",publish,closed,closed,,elizabeth-olsen,,,"2023-06-14 21:52:53","2023-06-14 21:52:53",,0,https://localhost:10018/?post_type=rt-person&#038;p=87,6,rt-person,,0,raw
86,1,"2023-06-14 14:33:43","2023-06-14 14:33:43","<!-- wp:paragraph -->
<p>nsectetur adipiscing elit. Aliquam vel aliquet mauris. Duis nibh ex, auctor nec erat sit amet, ultricies tempor orci. Vestibulum mattis magna non erat iaculis, et venenatis lorem commodo. Nulla eu ornare magna. Duis ultricies ipsum a dui accumsan, et blandit neque malesuada. Nulla efficitur ligula et tellus placerat lobortis. Fusce venenatis posuere leo vel volutpat.</p>
<!-- /wp:paragraph -->

<!-- wp:paragraph -->
<p>Nunc ultrices lacus eget nisi porttitor, faucibus maximus dolor imperdiet. Morbi in nunc pellentesque erat cursus egestas. Duis nec dignissim augue, vel tristique purus. Integer viverra finibus tellus eu ultricies. Sed iaculis, velit ut ultrices pretium, velit eros volutpat tortor, non tincidunt nulla neque quis sapien. Nunc ac aliquet urna. In at quam id tortor viverra malesuada. Aenean dapibus ultrices nisl, et viverra nulla porta quis. Quisque accumsan elit id est fringilla, a aliquam quam tincidunt. Proin facilisis mollis arcu vel pulvinar. Nunc mollis magna enim, at aliquet tortor pulvinar vehicula.</p>
<!-- /wp:paragraph -->

<!-- wp:paragraph -->
<p>Aenean ut ante ullamcorper, aliquet nunc sed, viverra justo. Pellentesque habitant morbi tristique senectus et netus et malesuada fames ac turpis egestas. Quisque egestas rhoncus vehicula. Duis sed lectus urna. Suspendisse potenti. Duis ante augue, luctus quis lacinia id, lacinia sed felis. Maecenas dictum tincidunt nisl, id cursus diam dignissim eget. Maecenas nibh diam, vestibulum id maximus vulputate, tincidunt vel metus. Praesent placerat non dolor quis ultrices. Interdum et malesuada fames ac ante ipsum primis in faucibus. Cras id euismod ante, eu ultricies orci. Quisque id nibh blandit lorem egestas luctus. Etiam lacinia nulla leo, in malesuada felis condimentum non. Donec vel tellus ligula. Duis eu mauris laoreet urna varius sollicitudin. Suspendisse nec varius turpis.</p>
<!-- /wp:paragraph -->

<!-- wp:paragraph -->
<p>Duis feugiat libero at lobortis luctus. Pellentesque auctor nunc ac mauris viverra, vel facilisis dui luctus. Vivamus ut neque dolor. Sed turpis mauris, maximus quis venenatis vel, volutpat nec sapien. In sit amet vestibulum magna, eu cursus dolor. Phasellus at diam et tellus aliquet egestas. Nam non laoreet nisi. Integer euismod sed quam ornare rhoncus. Suspendisse ultrices porttitor metus nec feugiat. Aliquam nec mauris malesuada,&nbsp;</p>
<!-- /wp:paragraph -->","Tom Hiddleston","Thomas William Hiddleston is an English actor. He gained international fame portraying Loki in the...",publish,closed,closed,,tom-hiddleston,,,"2023-06-14 21:53:04","2023-06-14 21:53:04",,0,https://localhost:10018/?post_type=rt-person&#038;p=86,7,rt-person,,0,raw
83,1,"2023-06-14 14:31:34","2023-06-14 14:31:34","<!-- wp:paragraph -->
<p>nsectetur adipiscing elit. Aliquam vel aliquet mauris. Duis nibh ex, auctor nec erat sit amet, ultricies tempor orci. Vestibulum mattis magna non erat iaculis, et venenatis lorem commodo. Nulla eu ornare magna. Duis ultricies ipsum a dui accumsan, et blandit neque malesuada. Nulla efficitur ligula et tellus placerat lobortis. Fusce venenatis posuere leo vel volutpat.</p>
<!-- /wp:paragraph -->

<!-- wp:paragraph -->
<p>Nunc ultrices lacus eget nisi porttitor, faucibus maximus dolor imperdiet. Morbi in nunc pellentesque erat cursus egestas. Duis nec dignissim augue, vel tristique purus. Integer viverra finibus tellus eu ultricies. Sed iaculis, velit ut ultrices pretium, velit eros volutpat tortor, non tincidunt nulla neque quis sapien. Nunc ac aliquet urna. In at quam id tortor viverra malesuada. Aenean dapibus ultrices nisl, et viverra nulla porta quis. Quisque accumsan elit id est fringilla, a aliquam quam tincidunt. Proin facilisis mollis arcu vel pulvinar. Nunc mollis magna enim, at aliquet tortor pulvinar vehicula.</p>
<!-- /wp:paragraph -->

<!-- wp:paragraph -->
<p>Aenean ut ante ullamcorper, aliquet nunc sed, viverra justo. Pellentesque habitant morbi tristique senectus et netus et malesuada fames ac turpis egestas. Quisque egestas rhoncus vehicula. Duis sed lectus urna. Suspendisse potenti. Duis ante augue, luctus quis lacinia id, lacinia sed felis. Maecenas dictum tincidunt nisl, id cursus diam dignissim eget. Maecenas nibh diam, vestibulum id maximus vulputate, tincidunt vel metus. Praesent placerat non dolor quis ultrices. Interdum et malesuada fames ac ante ipsum primis in faucibus. Cras id euismod ante, eu ultricies orci. Quisque id nibh blandit lorem egestas luctus. Etiam lacinia nulla leo, in malesuada felis condimentum non. Donec vel tellus ligula. Duis eu mauris laoreet urna varius sollicitudin. Suspendisse nec varius turpis.</p>
<!-- /wp:paragraph -->

<!-- wp:paragraph -->
<p>Duis feugiat libero at lobortis luctus. Pellentesque auctor nunc ac mauris viverra, vel facilisis dui luctus. Vivamus ut neque dolor. Sed turpis mauris, maximus quis venenatis vel, volutpat nec sapien. In sit amet vestibulum magna, eu cursus dolor. Phasellus at diam et tellus aliquet egestas. Nam non laoreet nisi. Integer euismod sed quam ornare rhoncus. Suspendisse ultrices porttitor metus nec feugiat. Aliquam nec mauris malesuada,&nbsp;</p>
<!-- /wp:paragraph -->","Brie Larson","Brianne Sidonie Desaulniers, known professionally as Brie Larson, is an American actress. Known for her...",publish,closed,closed,,brie-larson,,,"2023-06-14 21:53:14","2023-06-14 21:53:14",,0,https://localhost:10018/?post_type=rt-person&#038;p=83,8,rt-person,,0,raw
82,1,"2023-06-14 14:30:25","2023-06-14 14:30:25","<!-- wp:paragraph -->
<p>nsectetur adipiscing elit. Aliquam vel aliquet mauris. Duis nibh ex, auctor nec erat sit amet, ultricies tempor orci. Vestibulum mattis magna non erat iaculis, et venenatis lorem commodo. Nulla eu ornare magna. Duis ultricies ipsum a dui accumsan, et blandit neque malesuada. Nulla efficitur ligula et tellus placerat lobortis. Fusce venenatis posuere leo vel volutpat.</p>
<!-- /wp:paragraph -->

<!-- wp:paragraph -->
<p>Nunc ultrices lacus eget nisi porttitor, faucibus maximus dolor imperdiet. Morbi in nunc pellentesque erat cursus egestas. Duis nec dignissim augue, vel tristique purus. Integer viverra finibus tellus eu ultricies. Sed iaculis, velit ut ultrices pretium, velit eros volutpat tortor, non tincidunt nulla neque quis sapien. Nunc ac aliquet urna. In at quam id tortor viverra malesuada. Aenean dapibus ultrices nisl, et viverra nulla porta quis. Quisque accumsan elit id est fringilla, a aliquam quam tincidunt. Proin facilisis mollis arcu vel pulvinar. Nunc mollis magna enim, at aliquet tortor pulvinar vehicula.</p>
<!-- /wp:paragraph -->

<!-- wp:paragraph -->
<p>Aenean ut ante ullamcorper, aliquet nunc sed, viverra justo. Pellentesque habitant morbi tristique senectus et netus et malesuada fames ac turpis egestas. Quisque egestas rhoncus vehicula. Duis sed lectus urna. Suspendisse potenti. Duis ante augue, luctus quis lacinia id, lacinia sed felis. Maecenas dictum tincidunt nisl, id cursus diam dignissim eget. Maecenas nibh diam, vestibulum id maximus vulputate, tincidunt vel metus. Praesent placerat non dolor quis ultrices. Interdum et malesuada fames ac ante ipsum primis in faucibus. Cras id euismod ante, eu ultricies orci. Quisque id nibh blandit lorem egestas luctus. Etiam lacinia nulla leo, in malesuada felis condimentum non. Donec vel tellus ligula. Duis eu mauris laoreet urna varius sollicitudin. Suspendisse nec varius turpis.</p>
<!-- /wp:paragraph -->

<!-- wp:paragraph -->
<p>Duis feugiat libero at lobortis luctus. Pellentesque auctor nunc ac mauris viverra, vel facilisis dui luctus. Vivamus ut neque dolor. Sed turpis mauris, maximus quis venenatis vel, volutpat nec sapien. In sit amet vestibulum magna, eu cursus dolor. Phasellus at diam et tellus aliquet egestas. Nam non laoreet nisi. Integer euismod sed quam ornare rhoncus. Suspendisse ultrices porttitor metus nec feugiat. Aliquam nec mauris malesuada,&nbsp;</p>
<!-- /wp:paragraph -->","Paul Rudd","Paul Stephen Rudd is an American actor. He studied theater at the University of Kansas and the American...",publish,closed,closed,,paul-rudd,,,"2023-06-14 21:53:31","2023-06-14 21:53:31",,0,https://localhost:10018/?post_type=rt-person&#038;p=82,9,rt-person,,0,raw
81,1,"2023-06-14 14:29:24","2023-06-14 14:29:24","<!-- wp:paragraph -->
<p>nsectetur adipiscing elit. Aliquam vel aliquet mauris. Duis nibh ex, auctor nec erat sit amet, ultricies tempor orci. Vestibulum mattis magna non erat iaculis, et venenatis lorem commodo. Nulla eu ornare magna. Duis ultricies ipsum a dui accumsan, et blandit neque malesuada. Nulla efficitur ligula et tellus placerat lobortis. Fusce venenatis posuere leo vel volutpat.</p>
<!-- /wp:paragraph -->

<!-- wp:paragraph -->
<p>Nunc ultrices lacus eget nisi porttitor, faucibus maximus dolor imperdiet. Morbi in nunc pellentesque erat cursus egestas. Duis nec dignissim augue, vel tristique purus. Integer viverra finibus tellus eu ultricies. Sed iaculis, velit ut ultrices pretium, velit eros volutpat tortor, non tincidunt nulla neque quis sapien. Nunc ac aliquet urna. In at quam id tortor viverra malesuada. Aenean dapibus ultrices nisl, et viverra nulla porta quis. Quisque accumsan elit id est fringilla, a aliquam quam tincidunt. Proin facilisis mollis arcu vel pulvinar. Nunc mollis magna enim, at aliquet tortor pulvinar vehicula.</p>
<!-- /wp:paragraph -->

<!-- wp:paragraph -->
<p>Aenean ut ante ullamcorper, aliquet nunc sed, viverra justo. Pellentesque habitant morbi tristique senectus et netus et malesuada fames ac turpis egestas. Quisque egestas rhoncus vehicula. Duis sed lectus urna. Suspendisse potenti. Duis ante augue, luctus quis lacinia id, lacinia sed felis. Maecenas dictum tincidunt nisl, id cursus diam dignissim eget. Maecenas nibh diam, vestibulum id maximus vulputate, tincidunt vel metus. Praesent placerat non dolor quis ultrices. Interdum et malesuada fames ac ante ipsum primis in faucibus. Cras id euismod ante, eu ultricies orci. Quisque id nibh blandit lorem egestas luctus. Etiam lacinia nulla leo, in malesuada felis condimentum non. Donec vel tellus ligula. Duis eu mauris laoreet urna varius sollicitudin. Suspendisse nec varius turpis.</p>
<!-- /wp:paragraph -->

<!-- wp:paragraph -->
<p>Duis feugiat libero at lobortis luctus. Pellentesque auctor nunc ac mauris viverra, vel facilisis dui luctus. Vivamus ut neque dolor. Sed turpis mauris, maximus quis venenatis vel, volutpat nec sapien. In sit amet vestibulum magna, eu cursus dolor. Phasellus at diam et tellus aliquet egestas. Nam non laoreet nisi. Integer euismod sed quam ornare rhoncus. Suspendisse ultrices porttitor metus nec feugiat. Aliquam nec mauris malesuada,&nbsp;</p>
<!-- /wp:paragraph -->","Chadwick Boseman","Chadwick Aaron Boseman was an American actor. During his two-decade career, Boseman received two...",publish,closed,closed,,chadwick-boseman,,,"2023-06-14 21:53:39","2023-06-14 21:53:39",,0,https://localhost:10018/?post_type=rt-person&#038;p=81,10,rt-person,,0,raw
122,1,"2023-06-14 21:51:42","2023-06-14 21:51:42","<!-- wp:paragraph -->
<p>nsectetur adipiscing elit. Aliquam vel aliquet mauris. Duis nibh ex, auctor nec erat sit amet, ultricies tempor orci. Vestibulum mattis magna non erat iaculis, et venenatis lorem commodo. Nulla eu ornare magna. Duis ultricies ipsum a dui accumsan, et blandit neque malesuada. Nulla efficitur ligula et tellus placerat lobortis. Fusce venenatis posuere leo vel volutpat.</p>
<!-- /wp:paragraph -->

<!-- wp:paragraph -->
<p>Nunc ultrices lacus eget nisi porttitor, faucibus maximus dolor imperdiet. Morbi in nunc pellentesque erat cursus egestas. Duis nec dignissim augue, vel tristique purus. Integer viverra finibus tellus eu ultricies. Sed iaculis, velit ut ultrices pretium, velit eros volutpat tortor, non tincidunt nulla neque quis sapien. Nunc ac aliquet urna. In at quam id tortor viverra malesuada. Aenean dapibus ultrices nisl, et viverra nulla porta quis. Quisque accumsan elit id est fringilla, a aliquam quam tincidunt. Proin facilisis mollis arcu vel pulvinar. Nunc mollis magna enim, at aliquet tortor pulvinar vehicula.</p>
<!-- /wp:paragraph -->

<!-- wp:paragraph -->
<p>Aenean ut ante ullamcorper, aliquet nunc sed, viverra justo. Pellentesque habitant morbi tristique senectus et netus et malesuada fames ac turpis egestas. Quisque egestas rhoncus vehicula. Duis sed lectus urna. Suspendisse potenti. Duis ante augue, luctus quis lacinia id, lacinia sed felis. Maecenas dictum tincidunt nisl, id cursus diam dignissim eget. Maecenas nibh diam, vestibulum id maximus vulputate, tincidunt vel metus. Praesent placerat non dolor quis ultrices. Interdum et malesuada fames ac ante ipsum primis in faucibus. Cras id euismod ante, eu ultricies orci. Quisque id nibh blandit lorem egestas luctus. Etiam lacinia nulla leo, in malesuada felis condimentum non. Donec vel tellus ligula. Duis eu mauris laoreet urna varius sollicitudin. Suspendisse nec varius turpis.</p>
<!-- /wp:paragraph -->

<!-- wp:paragraph -->
<p>Duis feugiat libero at lobortis luctus. Pellentesque auctor nunc ac mauris viverra, vel facilisis dui luctus. Vivamus ut neque dolor. Sed turpis mauris, maximus quis venenatis vel, volutpat nec sapien. In sit amet vestibulum magna, eu cursus dolor. Phasellus at diam et tellus aliquet egestas. Nam non laoreet nisi. Integer euismod sed quam ornare rhoncus. Suspendisse ultrices porttitor metus nec feugiat. Aliquam nec mauris malesuada,&nbsp;</p>
<!-- /wp:paragraph -->","Benedict Cumberbatch","Benedict Timothy Carlton Cumberbatch CBE is an English actor. Known for his work on screen and stag...",publish,closed,closed,,benedict-cumberbatch,,,"2023-06-14 21:51:42","2023-06-14 21:51:42",,0,https://localhost:10018/?post_type=rt-person&#038;p=122,11,rt-person,,0,raw
95,1,"2023-06-14 19:22:06","2023-06-14 19:22:06","<!-- wp:paragraph -->
<p>nsectetur adipiscing elit. Aliquam vel aliquet mauris. Duis nibh ex, auctor nec erat sit amet, ultricies tempor orci. Vestibulum mattis magna non erat iaculis, et venenatis lorem commodo. Nulla eu ornare magna. Duis ultricies ipsum a dui accumsan, et blandit neque malesuada. Nulla efficitur ligula et tellus placerat lobortis. Fusce venenatis posuere leo vel volutpat.</p>
<!-- /wp:paragraph -->

<!-- wp:paragraph -->
<p>Nunc ultrices lacus eget nisi porttitor, faucibus maximus dolor imperdiet. Morbi in nunc pellentesque erat cursus egestas. Duis nec dignissim augue, vel tristique purus. Integer viverra finibus tellus eu ultricies. Sed iaculis, velit ut ultrices pretium, velit eros volutpat tortor, non tincidunt nulla neque quis sapien. Nunc ac aliquet urna. In at quam id tortor viverra malesuada. Aenean dapibus ultrices nisl, et viverra nulla porta quis. Quisque accumsan elit id est fringilla, a aliquam quam tincidunt. Proin facilisis mollis arcu vel pulvinar. Nunc mollis magna enim, at aliquet tortor pulvinar vehicula.</p>
<!-- /wp:paragraph -->

<!-- wp:paragraph -->
<p>Aenean ut ante ullamcorper, aliquet nunc sed, viverra justo. Pellentesque habitant morbi tristique senectus et netus et malesuada fames ac turpis egestas. Quisque egestas rhoncus vehicula. Duis sed lectus urna. Suspendisse potenti. Duis ante augue, luctus quis lacinia id, lacinia sed felis. Maecenas dictum tincidunt nisl, id cursus diam dignissim eget. Maecenas nibh diam, vestibulum id maximus vulputate, tincidunt vel metus. Praesent placerat non dolor quis ultrices. Interdum et malesuada fames ac ante ipsum primis in faucibus. Cras id euismod ante, eu ultricies orci. Quisque id nibh blandit lorem egestas luctus. Etiam lacinia nulla leo, in malesuada felis condimentum non. Donec vel tellus ligula. Duis eu mauris laoreet urna varius sollicitudin. Suspendisse nec varius turpis.</p>
<!-- /wp:paragraph -->

<!-- wp:paragraph -->
<p>Duis feugiat libero at lobortis luctus. Pellentesque auctor nunc ac mauris viverra, vel facilisis dui luctus. Vivamus ut neque dolor. Sed turpis mauris, maximus quis venenatis vel, volutpat nec sapien. In sit amet vestibulum magna, eu cursus dolor. Phasellus at diam et tellus aliquet egestas. Nam non laoreet nisi. Integer euismod sed quam ornare rhoncus. Suspendisse ultrices porttitor metus nec feugiat. Aliquam nec mauris malesuada,&nbsp;</p>
<!-- /wp:paragraph -->","Anthony Russo",,publish,closed,closed,,anthony-russo,,,"2023-06-14 19:23:53","2023-06-14 19:23:53",,0,https://localhost:10018/?post_type=rt-person&#038;p=95,12,rt-person,,0,raw
97,1,"2023-06-14 19:25:20","2023-06-14 19:25:20","<!-- wp:paragraph -->
<p>nsectetur adipiscing elit. Aliquam vel aliquet mauris. Duis nibh ex, auctor nec erat sit amet, ultricies tempor orci. Vestibulum mattis magna non erat iaculis, et venenatis lorem commodo. Nulla eu ornare magna. Duis ultricies ipsum a dui accumsan, et blandit neque malesuada. Nulla efficitur ligula et tellus placerat lobortis. Fusce venenatis posuere leo vel volutpat.</p>
<!-- /wp:paragraph -->

<!-- wp:paragraph -->
<p>Nunc ultrices lacus eget nisi porttitor, faucibus maximus dolor imperdiet. Morbi in nunc pellentesque erat cursus egestas. Duis nec dignissim augue, vel tristique purus. Integer viverra finibus tellus eu ultricies. Sed iaculis, velit ut ultrices pretium, velit eros volutpat tortor, non tincidunt nulla neque quis sapien. Nunc ac aliquet urna. In at quam id tortor viverra malesuada. Aenean dapibus ultrices nisl, et viverra nulla porta quis. Quisque accumsan elit id est fringilla, a aliquam quam tincidunt. Proin facilisis mollis arcu vel pulvinar. Nunc mollis magna enim, at aliquet tortor pulvinar vehicula.</p>
<!-- /wp:paragraph -->

<!-- wp:paragraph -->
<p>Aenean ut ante ullamcorper, aliquet nunc sed, viverra justo. Pellentesque habitant morbi tristique senectus et netus et malesuada fames ac turpis egestas. Quisque egestas rhoncus vehicula. Duis sed lectus urna. Suspendisse potenti. Duis ante augue, luctus quis lacinia id, lacinia sed felis. Maecenas dictum tincidunt nisl, id cursus diam dignissim eget. Maecenas nibh diam, vestibulum id maximus vulputate, tincidunt vel metus. Praesent placerat non dolor quis ultrices. Interdum et malesuada fames ac ante ipsum primis in faucibus. Cras id euismod ante, eu ultricies orci. Quisque id nibh blandit lorem egestas luctus. Etiam lacinia nulla leo, in malesuada felis condimentum non. Donec vel tellus ligula. Duis eu mauris laoreet urna varius sollicitudin. Suspendisse nec varius turpis.</p>
<!-- /wp:paragraph -->

<!-- wp:paragraph -->
<p>Duis feugiat libero at lobortis luctus. Pellentesque auctor nunc ac mauris viverra, vel facilisis dui luctus. Vivamus ut neque dolor. Sed turpis mauris, maximus quis venenatis vel, volutpat nec sapien. In sit amet vestibulum magna, eu cursus dolor. Phasellus at diam et tellus aliquet egestas. Nam non laoreet nisi. Integer euismod sed quam ornare rhoncus. Suspendisse ultrices porttitor metus nec feugiat. Aliquam nec mauris malesuada,&nbsp;</p>
<!-- /wp:paragraph -->","Joe Russo",,publish,closed,closed,,joe-russo,,,"2023-06-14 19:25:20","2023-06-14 19:25:20",,0,https://localhost:10018/?post_type=rt-person&#038;p=97,13,rt-person,,0,raw
101,1,"2023-06-14 19:33:53","2023-06-14 19:33:53","<!-- wp:paragraph -->
<p>nsectetur adipiscing elit. Aliquam vel aliquet mauris. Duis nibh ex, auctor nec erat sit amet, ultricies tempor orci. Vestibulum mattis magna non erat iaculis, et venenatis lorem commodo. Nulla eu ornare magna. Duis ultricies ipsum a dui accumsan, et blandit neque malesuada. Nulla efficitur ligula et tellus placerat lobortis. Fusce venenatis posuere leo vel volutpat.</p>
<!-- /wp:paragraph -->

<!-- wp:paragraph -->
<p>Nunc ultrices lacus eget nisi porttitor, faucibus maximus dolor imperdiet. Morbi in nunc pellentesque erat cursus egestas. Duis nec dignissim augue, vel tristique purus. Integer viverra finibus tellus eu ultricies. Sed iaculis, velit ut ultrices pretium, velit eros volutpat tortor, non tincidunt nulla neque quis sapien. Nunc ac aliquet urna. In at quam id tortor viverra malesuada. Aenean dapibus ultrices nisl, et viverra nulla porta quis. Quisque accumsan elit id est fringilla, a aliquam quam tincidunt. Proin facilisis mollis arcu vel pulvinar. Nunc mollis magna enim, at aliquet tortor pulvinar vehicula.</p>
<!-- /wp:paragraph -->

<!-- wp:paragraph -->
<p>Aenean ut ante ullamcorper, aliquet nunc sed, viverra justo. Pellentesque habitant morbi tristique senectus et netus et malesuada fames ac turpis egestas. Quisque egestas rhoncus vehicula. Duis sed lectus urna. Suspendisse potenti. Duis ante augue, luctus quis lacinia id, lacinia sed felis. Maecenas dictum tincidunt nisl, id cursus diam dignissim eget. Maecenas nibh diam, vestibulum id maximus vulputate, tincidunt vel metus. Praesent placerat non dolor quis ultrices. Interdum et malesuada fames ac ante ipsum primis in faucibus. Cras id euismod ante, eu ultricies orci. Quisque id nibh blandit lorem egestas luctus. Etiam lacinia nulla leo, in malesuada felis condimentum non. Donec vel tellus ligula. Duis eu mauris laoreet urna varius sollicitudin. Suspendisse nec varius turpis.</p>
<!-- /wp:paragraph -->

<!-- wp:paragraph -->
<p>Duis feugiat libero at lobortis luctus. Pellentesque auctor nunc ac mauris viverra, vel facilisis dui luctus. Vivamus ut neque dolor. Sed turpis mauris, maximus quis venenatis vel, volutpat nec sapien. In sit amet vestibulum magna, eu cursus dolor. Phasellus at diam et tellus aliquet egestas. Nam non laoreet nisi. Integer euismod sed quam ornare rhoncus. Suspendisse ultrices porttitor metus nec feugiat. Aliquam nec mauris malesuada,&nbsp;</p>
<!-- /wp:paragraph -->","Stan Lee",,publish,closed,closed,,stan-lee,,,"2023-06-14 19:37:16","2023-06-14 19:37:16",,0,https://localhost:10018/?post_type=rt-person&#038;p=101,14,rt-person,,0,raw
